Image,SPECIES
cv (1).jpeg,1
cv (1).jpg,1
cv (1).png,1
cv (10).jpg,1
cv (100).jpg,1
cv (101).jpg,1
cv (102).jpg,1
cv (103).jpg,1
cv (104).jpg,1
cv (105).jpg,1
cv (106).jpg,1
cv (107).jpg,1
cv (108).jpg,1
cv (109).jpg,1
cv (11).jpg,1
cv (110).jpg,1
cv (111).jpg,1
cv (112).jpg,1
cv (113).jpg,1
cv (114).jpg,1
cv (115).jpg,1
cv (116).jpg,1
cv (117).jpg,1
cv (118).jpg,1
cv (119).jpg,1
cv (12).jpg,1
cv (120).jpg,1
cv (121).jpg,1
cv (122).jpg,1
cv (123).jpg,1
cv (124).jpg,1
cv (125).jpg,1
cv (126).jpg,1
cv (127).jpg,1
cv (128).jpg,1
cv (129).jpg,1
cv (13).jpg,1
cv (130).jpg,1
cv (131).jpg,1
cv (132).jpg,1
cv (133).jpg,1
cv (134).jpg,1
cv (135).jpg,1
cv (136).jpg,1
cv (137).jpg,1
cv (138).jpg,1
cv (139).jpg,1
cv (14).jpg,1
cv (140).jpg,1
cv (141).jpg,1
cv (142).jpg,1
cv (143).jpg,1
cv (144).jpg,1
cv (145).jpg,1
cv (146).jpg,1
cv (147).jpg,1
cv (148).jpg,1
cv (149).jpg,1
cv (15).jpg,1
cv (150).jpg,1
cv (151).jpg,1
cv (152).jpg,1
cv (153).jpg,1
cv (154).jpg,1
cv (155).jpg,1
cv (156).jpg,1
cv (157).jpg,1
cv (158).jpg,1
cv (159).jpg,1
cv (16).jpg,1
cv (160).jpg,1
cv (161).jpg,1
cv (162).jpg,1
cv (163).jpg,1
cv (164).jpg,1
cv (165).jpg,1
cv (166).jpg,1
cv (167).jpg,1
cv (168).jpg,1
cv (169).jpg,1
cv (17).jpg,1
cv (170).jpg,1
cv (171).jpg,1
cv (172).jpg,1
cv (173).jpg,1
cv (174).jpg,1
cv (175).jpg,1
cv (176).jpg,1
cv (177).jpg,1
cv (178).jpg,1
cv (179).jpg,1
cv (18).jpg,1
cv (180).jpg,1
cv (181).jpg,1
cv (182).jpg,1
cv (183).jpg,1
cv (184).jpg,1
cv (185).jpg,1
cv (186).jpg,1
cv (187).jpg,1
cv (188).jpg,1
cv (189).jpg,1
cv (19).jpg,1
cv (190).jpg,1
cv (191).jpg,1
cv (192).jpg,1
cv (193).jpg,1
cv (194).jpg,1
cv (195).jpg,1
cv (196).jpg,1
cv (197).jpg,1
cv (198).jpg,1
cv (199).jpg,1
cv (2).jpeg,1
cv (2).jpg,1
cv (2).png,1
cv (20).jpg,1
cv (200).jpg,1
cv (201).jpg,1
cv (202).jpg,1
cv (203).jpg,1
cv (204).jpg,1
cv (205).jpg,1
cv (206).jpg,1
cv (207).jpg,1
cv (209).jpg,1
cv (21).jpg,1
cv (210).jpg,1
cv (211).jpg,1
cv (212).jpg,1
cv (213).jpg,1
cv (214).jpg,1
cv (215).jpg,1
cv (216).jpg,1
cv (217).jpg,1
cv (218).jpg,1
cv (219).jpg,1
cv (22).jpg,1
cv (220).jpg,1
cv (221).jpg,1
cv (222).jpg,1
cv (223).jpg,1
cv (224).jpg,1
cv (225).jpg,1
cv (226).jpg,1
cv (227).jpg,1
cv (228).jpg,1
cv (229).jpg,1
cv (23).jpg,1
cv (230).jpg,1
cv (231).jpg,1
cv (232).jpg,1
cv (233).jpg,1
cv (234).jpg,1
cv (235).jpg,1
cv (236).jpg,1
cv (237).jpg,1
cv (238).jpg,1
cv (239).jpg,1
cv (24).jpg,1
cv (240).jpg,1
cv (241).jpg,1
cv (242).jpg,1
cv (243).jpg,1
cv (244).jpg,1
cv (245).jpg,1
cv (246).jpg,1
cv (247).jpg,1
cv (248).jpg,1
cv (249).jpg,1
cv (25).jpg,1
cv (250).jpg,1
cv (251).jpg,1
cv (252).jpg,1
cv (253).jpg,1
cv (254).jpg,1
cv (255).jpg,1
cv (256).jpg,1
cv (257).jpg,1
cv (258).jpg,1
cv (259).jpg,1
cv (26).jpg,1
cv (260).jpg,1
cv (261).jpg,1
cv (262).jpg,1
cv (263).jpg,1
cv (264).jpg,1
cv (265).jpg,1
cv (266).jpg,1
cv (267).jpg,1
cv (268).jpg,1
cv (269).jpg,1
cv (27).jpg,1
cv (270).jpg,1
cv (271).jpg,1
cv (272).jpg,1
cv (273).jpg,1
cv (274).jpg,1
cv (275).jpg,1
cv (276).jpg,1
cv (277).jpg,1
cv (278).jpg,1
cv (279).jpg,1
cv (28).jpg,1
cv (280).jpg,1
cv (281).jpg,1
cv (282).jpg,1
cv (283).jpg,1
cv (284).jpg,1
cv (285).jpg,1
cv (286).jpg,1
cv (287).jpg,1
cv (288).jpg,1
cv (289).jpg,1
cv (29).jpg,1
cv (290).jpg,1
cv (291).jpg,1
cv (292).jpg,1
cv (293).jpg,1
cv (295).jpg,1
cv (296).jpg,1
cv (297).jpg,1
cv (298).jpg,1
cv (299).jpg,1
cv (3).jpeg,1
cv (3).jpg,1
cv (3).png,1
cv (30).jpg,1
cv (300).jpg,1
cv (301).jpg,1
cv (302).jpg,1
cv (303).jpg,1
cv (304).jpg,1
cv (305).jpg,1
cv (306).jpg,1
cv (307).jpg,1
cv (308).jpg,1
cv (309).jpg,1
cv (31).jpg,1
cv (310).jpg,1
cv (311).jpg,1
cv (312).jpg,1
cv (313).jpg,1
cv (314).jpg,1
cv (315).jpg,1
cv (316).jpg,1
cv (317).jpg,1
cv (318).jpg,1
cv (319).jpg,1
cv (32).jpg,1
cv (320).jpg,1
cv (321).jpg,1
cv (322).jpg,1
cv (323).jpg,1
cv (324).jpg,1
cv (325).jpg,1
cv (327).jpg,1
cv (328).jpg,1
cv (329).jpg,1
cv (33).jpg,1
cv (330).jpg,1
cv (331).jpg,1
cv (332).jpg,1
cv (333).jpg,1
cv (334).jpg,1
cv (335).jpg,1
cv (336).jpg,1
cv (337).jpg,1
cv (338).jpg,1
cv (339).jpg,1
cv (34).jpg,1
cv (340).jpg,1
cv (341).jpg,1
cv (342).jpg,1
cv (343).jpg,1
cv (344).jpg,1
cv (345).jpg,1
cv (346).jpg,1
cv (347).jpg,1
cv (348).jpg,1
cv (349).jpg,1
cv (35).jpg,1
cv (350).jpg,1
cv (351).jpg,1
cv (352).jpg,1
cv (353).jpg,1
cv (354).jpg,1
cv (355).jpg,1
cv (356).jpg,1
cv (357).jpg,1
cv (358).jpg,1
cv (359).jpg,1
cv (36).jpg,1
cv (360).jpg,1
cv (361).jpg,1
cv (362).jpg,1
cv (363).jpg,1
cv (364).jpg,1
cv (365).jpg,1
cv (366).jpg,1
cv (367).jpg,1
cv (368).jpg,1
cv (369).jpg,1
cv (37).jpg,1
cv (370).jpg,1
cv (371).jpg,1
cv (372).jpg,1
cv (373).jpg,1
cv (374).jpg,1
cv (375).jpg,1
cv (376).jpg,1
cv (377).jpg,1
cv (378).jpg,1
cv (379).jpg,1
cv (38).jpg,1
cv (380).jpg,1
cv (381).jpg,1
cv (382).jpg,1
cv (383).jpg,1
cv (384).jpg,1
cv (385).jpg,1
cv (386).jpg,1
cv (387).jpg,1
cv (388).jpg,1
cv (389).jpg,1
cv (39).jpg,1
cv (390).jpg,1
cv (391).jpg,1
cv (392).jpg,1
cv (393).jpg,1
cv (394).jpg,1
cv (395).jpg,1
cv (396).jpg,1
cv (397).jpg,1
cv (398).jpg,1
cv (399).jpg,1
cv (4).jpeg,1
cv (4).jpg,1
cv (4).png,1
cv (40).jpg,1
cv (400).jpg,1
cv (401).jpg,1
cv (402).jpg,1
cv (403).jpg,1
cv (404).jpg,1
cv (405).jpg,1
cv (406).jpg,1
cv (407).jpg,1
cv (408).jpg,1
cv (409).jpg,1
cv (41).jpg,1
cv (410).jpg,1
cv (411).jpg,1
cv (412).jpg,1
cv (413).jpg,1
cv (414).jpg,1
cv (415).jpg,1
cv (416).jpg,1
cv (417).jpg,1
cv (419).jpg,1
cv (42).jpg,1
cv (420).jpg,1
cv (421).jpg,1
cv (422).jpg,1
cv (423).jpg,1
cv (424).jpg,1
cv (425).jpg,1
cv (426).jpg,1
cv (427).jpg,1
cv (428).jpg,1
cv (429).jpg,1
cv (43).jpg,1
cv (430).jpg,1
cv (431).jpg,1
cv (432).jpg,1
cv (433).jpg,1
cv (434).jpg,1
cv (435).jpg,1
cv (436).jpg,1
cv (437).jpg,1
cv (438).jpg,1
cv (439).jpg,1
cv (44).jpg,1
cv (440).jpg,1
cv (441).jpg,1
cv (442).jpg,1
cv (443).jpg,1
cv (444).jpg,1
cv (445).jpg,1
cv (446).jpg,1
cv (447).jpg,1
cv (448).jpg,1
cv (449).jpg,1
cv (45).jpg,1
cv (450).jpg,1
cv (451).jpg,1
cv (452).jpg,1
cv (454).jpg,1
cv (455).jpg,1
cv (456).jpg,1
cv (457).jpg,1
cv (458).jpg,1
cv (459).jpg,1
cv (46).jpg,1
cv (460).jpg,1
cv (461).jpg,1
cv (462).jpg,1
cv (463).jpg,1
cv (464).jpg,1
cv (465).jpg,1
cv (466).jpg,1
cv (467).jpg,1
cv (468).jpg,1
cv (469).jpg,1
cv (47).jpg,1
cv (470).jpg,1
cv (471).jpg,1
cv (472).jpg,1
cv (473).jpg,1
cv (474).jpg,1
cv (475).jpg,1
cv (476).jpg,1
cv (477).jpg,1
cv (478).jpg,1
cv (479).jpg,1
cv (48).jpg,1
cv (480).jpg,1
cv (481).jpg,1
cv (482).jpg,1
cv (483).jpg,1
cv (484).jpg,1
cv (485).jpg,1
cv (486).jpg,1
cv (487).jpg,1
cv (488).jpg,1
cv (489).jpg,1
cv (49).jpg,1
cv (490).jpg,1
cv (491).jpg,1
cv (492).jpg,1
cv (493).jpg,1
cv (494).jpg,1
cv (495).jpg,1
cv (496).jpg,1
cv (497).jpg,1
cv (498).jpg,1
cv (499).jpg,1
cv (5).jpeg,1
cv (5).jpg,1
cv (5).png,1
cv (50).jpg,1
cv (500).jpg,1
cv (501).jpg,1
cv (502).jpg,1
cv (503).jpg,1
cv (504).jpg,1
cv (505).jpg,1
cv (506).jpg,1
cv (507).jpg,1
cv (508).jpg,1
cv (509).jpg,1
cv (51).jpg,1
cv (510).jpg,1
cv (511).jpg,1
cv (512).jpg,1
cv (513).jpg,1
cv (514).jpg,1
cv (515).jpg,1
cv (516).jpg,1
cv (517).jpg,1
cv (518).jpg,1
cv (519).jpg,1
cv (52).jpg,1
cv (520).jpg,1
cv (521).jpg,1
cv (522).jpg,1
cv (523).jpg,1
cv (524).jpg,1
cv (525).jpg,1
cv (526).jpg,1
cv (527).jpg,1
cv (528).jpg,1
cv (529).jpg,1
cv (53).jpg,1
cv (530).jpg,1
cv (531).jpg,1
cv (532).jpg,1
cv (534).jpg,1
cv (535).jpg,1
cv (536).jpg,1
cv (537).jpg,1
cv (538).jpg,1
cv (539).jpg,1
cv (54).jpg,1
cv (540).jpg,1
cv (541).jpg,1
cv (542).jpg,1
cv (543).jpg,1
cv (544).jpg,1
cv (545).jpg,1
cv (546).jpg,1
cv (547).jpg,1
cv (548).jpg,1
cv (549).jpg,1
cv (55).jpg,1
cv (550).jpg,1
cv (551).jpg,1
cv (552).jpg,1
cv (553).jpg,1
cv (554).jpg,1
cv (555).jpg,1
cv (556).jpg,1
cv (557).jpg,1
cv (558).jpg,1
cv (559).jpg,1
cv (56).jpg,1
cv (560).jpg,1
cv (561).jpg,1
cv (562).jpg,1
cv (563).jpg,1
cv (564).jpg,1
cv (565).jpg,1
cv (566).jpg,1
cv (567).jpg,1
cv (568).jpg,1
cv (569).jpg,1
cv (57).jpg,1
cv (570).jpg,1
cv (571).jpg,1
cv (572).jpg,1
cv (573).jpg,1
cv (574).jpg,1
cv (575).jpg,1
cv (576).jpg,1
cv (577).jpg,1
cv (578).jpg,1
cv (579).jpg,1
cv (58).jpg,1
cv (580).jpg,1
cv (581).jpg,1
cv (582).jpg,1
cv (583).jpg,1
cv (584).jpg,1
cv (585).jpg,1
cv (587).jpg,1
cv (588).jpg,1
cv (589).jpg,1
cv (59).jpg,1
cv (590).jpg,1
cv (591).jpg,1
cv (592).jpg,1
cv (593).jpg,1
cv (594).jpg,1
cv (595).jpg,1
cv (598).jpg,1
cv (599).jpg,1
cv (6).jpeg,1
cv (6).jpg,1
cv (6).png,1
cv (60).jpg,1
cv (600).jpg,1
cv (601).jpg,1
cv (602).jpg,1
cv (603).jpg,1
cv (604).jpg,1
cv (605).jpg,1
cv (606).jpg,1
cv (607).jpg,1
cv (608).jpg,1
cv (609).jpg,1
cv (61).jpg,1
cv (610).jpg,1
cv (611).jpg,1
cv (612).jpg,1
cv (613).jpg,1
cv (614).jpg,1
cv (615).jpg,1
cv (616).jpg,1
cv (617).jpg,1
cv (618).jpg,1
cv (619).jpg,1
cv (62).jpg,1
cv (620).jpg,1
cv (621).jpg,1
cv (622).jpg,1
cv (623).jpg,1
cv (624).jpg,1
cv (625).jpg,1
cv (626).jpg,1
cv (627).jpg,1
cv (628).jpg,1
cv (629).jpg,1
cv (63).jpg,1
cv (630).jpg,1
cv (631).jpg,1
cv (632).jpg,1
cv (633).jpg,1
cv (634).jpg,1
cv (635).jpg,1
cv (636).jpg,1
cv (637).jpg,1
cv (639).jpg,1
cv (64).jpg,1
cv (640).jpg,1
cv (641).jpg,1
cv (642).jpg,1
cv (643).jpg,1
cv (644).jpg,1
cv (645).jpg,1
cv (646).jpg,1
cv (647).jpg,1
cv (648).jpg,1
cv (649).jpg,1
cv (65).jpg,1
cv (650).jpg,1
cv (651).jpg,1
cv (652).jpg,1
cv (653).jpg,1
cv (654).jpg,1
cv (655).jpg,1
cv (656).jpg,1
cv (657).jpg,1
cv (658).jpg,1
cv (659).jpg,1
cv (66).jpg,1
cv (660).jpg,1
cv (661).jpg,1
cv (662).jpg,1
cv (663).jpg,1
cv (664).jpg,1
cv (665).jpg,1
cv (666).jpg,1
cv (667).jpg,1
cv (668).jpg,1
cv (669).jpg,1
cv (67).jpg,1
cv (670).jpg,1
cv (672).jpg,1
cv (673).jpg,1
cv (674).jpg,1
cv (675).jpg,1
cv (676).jpg,1
cv (677).jpg,1
cv (678).jpg,1
cv (679).jpg,1
cv (68).jpg,1
cv (680).jpg,1
cv (681).jpg,1
cv (682).jpg,1
cv (683).jpg,1
cv (684).jpg,1
cv (685).jpg,1
cv (686).jpg,1
cv (687).jpg,1
cv (688).jpg,1
cv (689).jpg,1
cv (69).jpg,1
cv (690).jpg,1
cv (691).jpg,1
cv (692).jpg,1
cv (693).jpg,1
cv (694).jpg,1
cv (695).jpg,1
cv (696).jpg,1
cv (697).jpg,1
cv (698).jpg,1
cv (699).jpg,1
cv (7).jpg,1
cv (7).png,1
cv (70).jpg,1
cv (700).jpg,1
cv (701).jpg,1
cv (702).jpg,1
cv (703).jpg,1
cv (704).jpg,1
cv (705).jpg,1
cv (706).jpg,1
cv (707).jpg,1
cv (708).jpg,1
cv (709).jpg,1
cv (71).jpg,1
cv (710).jpg,1
cv (711).jpg,1
cv (712).jpg,1
cv (713).jpg,1
cv (714).jpg,1
cv (715).jpg,1
cv (716).jpg,1
cv (717).jpg,1
cv (718).jpg,1
cv (719).jpg,1
cv (72).jpg,1
cv (720).jpg,1
cv (721).jpg,1
cv (722).jpg,1
cv (723).jpg,1
cv (724).jpg,1
cv (725).jpg,1
cv (726).jpg,1
cv (727).jpg,1
cv (728).jpg,1
cv (729).jpg,1
cv (73).jpg,1
cv (730).jpg,1
cv (731).jpg,1
cv (732).jpg,1
cv (733).jpg,1
cv (734).jpg,1
cv (735).jpg,1
cv (736).jpg,1
cv (737).jpg,1
cv (738).jpg,1
cv (739).jpg,1
cv (74).jpg,1
cv (740).jpg,1
cv (741).jpg,1
cv (742).jpg,1
cv (743).jpg,1
cv (744).jpg,1
cv (745).jpg,1
cv (746).jpg,1
cv (747).jpg,1
cv (748).jpg,1
cv (749).jpg,1
cv (75).jpg,1
cv (750).jpg,1
cv (751).jpg,1
cv (752).jpg,1
cv (753).jpg,1
cv (754).jpg,1
cv (756).jpg,1
cv (757).jpg,1
cv (758).jpg,1
cv (759).jpg,1
cv (76).jpg,1
cv (760).jpg,1
cv (761).jpg,1
cv (762).jpg,1
cv (763).jpg,1
cv (764).jpg,1
cv (765).jpg,1
cv (766).jpg,1
cv (767).jpg,1
cv (768).jpg,1
cv (769).jpg,1
cv (77).jpg,1
cv (770).jpg,1
cv (771).jpg,1
cv (772).jpg,1
cv (773).jpg,1
cv (774).jpg,1
cv (775).jpg,1
cv (776).jpg,1
cv (777).jpg,1
cv (778).jpg,1
cv (779).jpg,1
cv (78).jpg,1
cv (780).jpg,1
cv (781).jpg,1
cv (782).jpg,1
cv (783).jpg,1
cv (784).jpg,1
cv (785).jpg,1
cv (786).jpg,1
cv (787).jpg,1
cv (788).jpg,1
cv (789).jpg,1
cv (79).jpg,1
cv (790).jpg,1
cv (791).jpg,1
cv (792).jpg,1
cv (793).jpg,1
cv (794).jpg,1
cv (795).jpg,1
cv (796).jpg,1
cv (797).jpg,1
cv (798).jpg,1
cv (799).jpg,1
cv (8).jpeg,1
cv (8).jpg,1
cv (8).png,1
cv (80).jpg,1
cv (800).jpg,1
cv (801).jpg,1
cv (802).jpg,1
cv (803).jpg,1
cv (804).jpg,1
cv (805).jpg,1
cv (806).jpg,1
cv (807).jpg,1
cv (808).jpg,1
cv (809).jpg,1
cv (81).jpg,1
cv (810).jpg,1
cv (811).jpg,1
cv (812).jpg,1
cv (813).jpg,1
cv (814).jpg,1
cv (815).jpg,1
cv (816).jpg,1
cv (817).jpg,1
cv (818).jpg,1
cv (819).jpg,1
cv (82).jpg,1
cv (820).jpg,1
cv (822).jpg,1
cv (823).jpg,1
cv (824).jpg,1
cv (825).jpg,1
cv (826).jpg,1
cv (827).jpg,1
cv (828).jpg,1
cv (829).jpg,1
cv (83).jpg,1
cv (830).jpg,1
cv (831).jpg,1
cv (832).jpg,1
cv (833).jpg,1
cv (834).jpg,1
cv (835).jpg,1
cv (836).jpg,1
cv (837).jpg,1
cv (838).jpg,1
cv (839).jpg,1
cv (84).jpg,1
cv (840).jpg,1
cv (841).jpg,1
cv (842).jpg,1
cv (843).jpg,1
cv (844).jpg,1
ce (1).jpeg,0
ce (1).jpg,0
ce (10).jpg,0
ce (100).jpg,0
ce (101).jpg,0
ce (102).jpg,0
ce (103).jpg,0
ce (104).jpg,0
ce (105).jpg,0
ce (106).jpg,0
ce (107).jpg,0
ce (108).jpg,0
ce (109).jpg,0
ce (11).jpg,0
ce (110).jpg,0
ce (111).jpg,0
ce (112).jpg,0
ce (113).jpg,0
ce (114).jpg,0
ce (115).jpg,0
ce (116).jpg,0
ce (117).jpg,0
ce (118).jpg,0
ce (119).jpg,0
ce (12).jpg,0
ce (120).jpg,0
ce (121).jpg,0
ce (122).jpg,0
ce (123).jpg,0
ce (124).jpg,0
ce (125).jpg,0
ce (126).jpg,0
ce (127).jpg,0
ce (128).jpg,0
ce (129).jpg,0
ce (13).jpg,0
ce (130).jpg,0
ce (131).jpg,0
ce (132).jpg,0
ce (133).jpg,0
ce (134).jpg,0
ce (135).jpg,0
ce (136).jpg,0
ce (137).jpg,0
ce (138).jpg,0
ce (139).jpg,0
ce (14).jpg,0
ce (140).jpg,0
ce (141).jpg,0
ce (142).jpg,0
ce (143).jpg,0
ce (144).jpg,0
ce (145).jpg,0
ce (146).jpg,0
ce (147).jpg,0
ce (148).jpg,0
ce (149).jpg,0
ce (15).jpg,0
ce (150).jpg,0
ce (151).jpg,0
ce (152).jpg,0
ce (153).jpg,0
ce (154).jpg,0
ce (155).jpg,0
ce (156).jpg,0
ce (157).jpg,0
ce (158).jpg,0
ce (159).jpg,0
ce (16).jpg,0
ce (160).jpg,0
ce (161).jpg,0
ce (162).jpg,0
ce (163).jpg,0
ce (164).jpg,0
ce (165).jpg,0
ce (166).jpg,0
ce (167).jpg,0
ce (168).jpg,0
ce (169).jpg,0
ce (17).jpg,0
ce (170).jpg,0
ce (171).jpg,0
ce (172).jpg,0
ce (173).jpg,0
ce (174).jpg,0
ce (175).jpg,0
ce (176).jpg,0
ce (177).jpg,0
ce (178).jpg,0
ce (179).jpg,0
ce (18).jpg,0
ce (180).jpg,0
ce (181).jpg,0
ce (182).jpg,0
ce (183).jpg,0
ce (184).jpg,0
ce (185).jpg,0
ce (186).jpg,0
ce (187).jpg,0
ce (188).jpg,0
ce (189).jpg,0
ce (19).jpg,0
ce (190).jpg,0
ce (191).jpg,0
ce (192).jpg,0
ce (193).jpg,0
ce (194).jpg,0
ce (195).jpg,0
ce (196).jpg,0
ce (197).jpg,0
ce (198).jpg,0
ce (199).jpg,0
ce (2).jpg,0
ce (20).jpg,0
ce (200).jpg,0
ce (201).jpg,0
ce (202).jpg,0
ce (203).jpg,0
ce (204).jpg,0
ce (205).jpg,0
ce (206).jpg,0
ce (207).jpg,0
ce (208).jpg,0
ce (209).jpg,0
ce (21).jpg,0
ce (210).jpg,0
ce (211).jpg,0
ce (212).jpg,0
ce (213).jpg,0
ce (214).jpg,0
ce (215).jpg,0
ce (216).jpg,0
ce (217).jpg,0
ce (218).jpg,0
ce (219).jpg,0
ce (22).jpg,0
ce (220).jpg,0
ce (221).jpg,0
ce (222).jpg,0
ce (223).jpg,0
ce (224).jpg,0
ce (225).jpg,0
ce (226).jpg,0
ce (227).jpg,0
ce (228).jpg,0
ce (229).jpg,0
ce (23).jpg,0
ce (230).jpg,0
ce (231).jpg,0
ce (232).jpg,0
ce (233).jpg,0
ce (234).jpg,0
ce (235).jpg,0
ce (236).jpg,0
ce (237).jpg,0
ce (238).jpg,0
ce (239).jpg,0
ce (24).jpg,0
ce (240).jpg,0
ce (241).jpg,0
ce (242).jpg,0
ce (243).jpg,0
ce (244).jpg,0
ce (245).jpg,0
ce (246).jpg,0
ce (247).jpg,0
ce (248).jpg,0
ce (249).jpg,0
ce (25).jpg,0
ce (250).jpg,0
ce (251).jpg,0
ce (252).jpg,0
ce (253).jpg,0
ce (254).jpg,0
ce (255).jpg,0
ce (256).jpg,0
ce (257).jpg,0
ce (258).jpg,0
ce (259).jpg,0
ce (260).jpg,0
ce (261).jpg,0
ce (262).jpg,0
ce (263).jpg,0
ce (264).jpg,0
ce (265).jpg,0
ce (266).jpg,0
ce (267).jpg,0
ce (268).jpg,0
ce (269).jpg,0
ce (27).jpg,0
ce (270).jpg,0
ce (271).jpg,0
ce (272).jpg,0
ce (273).jpg,0
ce (274).jpg,0
ce (275).jpg,0
ce (276).jpg,0
ce (277).jpg,0
ce (278).jpg,0
ce (279).jpg,0
ce (28).jpg,0
ce (280).jpg,0
ce (282).jpg,0
ce (283).jpg,0
ce (284).jpg,0
ce (285).jpg,0
ce (286).jpg,0
ce (287).jpg,0
ce (288).jpg,0
ce (289).jpg,0
ce (29).jpg,0
ce (290).jpg,0
ce (291).jpg,0
ce (292).jpg,0
ce (293).jpg,0
ce (294).jpg,0
ce (295).jpg,0
ce (296).jpg,0
ce (297).jpg,0
ce (298).jpg,0
ce (299).jpg,0
ce (3).jpg,0
ce (30).jpg,0
ce (300).jpg,0
ce (301).jpg,0
ce (302).jpg,0
ce (303).jpg,0
ce (304).jpg,0
ce (305).jpg,0
ce (306).jpg,0
ce (307).jpg,0
ce (308).jpg,0
ce (309).jpg,0
ce (31).jpg,0
ce (310).jpg,0
ce (311).jpg,0
ce (312).jpg,0
ce (313).jpg,0
ce (314).jpg,0
ce (315).jpg,0
ce (316).jpg,0
ce (317).jpg,0
ce (318).jpg,0
ce (319).jpg,0
ce (32).jpg,0
ce (320).jpg,0
ce (321).jpg,0
ce (322).jpg,0
ce (323).jpg,0
ce (324).jpg,0
ce (325).jpg,0
ce (326).jpg,0
ce (327).jpg,0
ce (328).jpg,0
ce (329).jpg,0
ce (33).jpg,0
ce (330).jpg,0
ce (331).jpg,0
ce (332).jpg,0
ce (333).jpg,0
ce (334).jpg,0
ce (335).jpg,0
ce (336).jpg,0
ce (337).jpg,0
ce (338).jpg,0
ce (339).jpg,0
ce (34).jpg,0
ce (340).jpg,0
ce (341).jpg,0
ce (342).jpg,0
ce (343).jpg,0
ce (344).jpg,0
ce (345).jpg,0
ce (347).jpg,0
ce (348).jpg,0
ce (349).jpg,0
ce (35).jpg,0
ce (350).jpg,0
ce (351).jpg,0
ce (352).jpg,0
ce (353).jpg,0
ce (354).jpg,0
ce (355).jpg,0
ce (356).jpg,0
ce (357).jpg,0
ce (358).jpg,0
ce (359).jpg,0
ce (36).jpg,0
ce (360).jpg,0
ce (361).jpg,0
ce (362).jpg,0
ce (363).jpg,0
ce (364).jpg,0
ce (365).jpg,0
ce (366).jpg,0
ce (367).jpg,0
ce (368).jpg,0
ce (369).jpg,0
ce (37).jpg,0
ce (370).jpg,0
ce (371).jpg,0
ce (372).jpg,0
ce (373).jpg,0
ce (374).jpg,0
ce (375).jpg,0
ce (376).jpg,0
ce (377).jpg,0
ce (378).jpg,0
ce (379).jpg,0
ce (38).jpg,0
ce (380).jpg,0
ce (381).jpg,0
ce (382).jpg,0
ce (383).jpg,0
ce (384).jpg,0
ce (386).jpg,0
ce (387).jpg,0
ce (388).jpg,0
ce (389).jpg,0
ce (39).jpg,0
ce (390).jpg,0
ce (391).jpg,0
ce (392).jpg,0
ce (393).jpg,0
ce (394).jpg,0
ce (395).jpg,0
ce (396).jpg,0
ce (397).jpg,0
ce (398).jpg,0
ce (399).jpg,0
ce (4).jpg,0
ce (40).jpg,0
ce (400).jpg,0
ce (401).jpg,0
ce (402).jpg,0
ce (403).jpg,0
ce (404).jpg,0
ce (405).jpg,0
ce (406).jpg,0
ce (407).jpg,0
ce (408).jpg,0
ce (409).jpg,0
ce (41).jpg,0
ce (410).jpg,0
ce (411).jpg,0
ce (412).jpg,0
ce (413).jpg,0
ce (414).jpg,0
ce (415).jpg,0
ce (416).jpg,0
ce (417).jpg,0
ce (418).jpg,0
ce (419).jpg,0
ce (42).jpg,0
ce (420).jpg,0
ce (421).jpg,0
ce (422).jpg,0
ce (423).jpg,0
ce (424).jpg,0
ce (425).jpg,0
ce (426).jpg,0
ce (427).jpg,0
ce (428).jpg,0
ce (429).jpg,0
ce (43).jpg,0
ce (430).jpg,0
ce (431).jpg,0
ce (432).jpg,0
ce (433).jpg,0
ce (434).jpg,0
ce (435).jpg,0
ce (436).jpg,0
ce (437).jpg,0
ce (438).jpg,0
ce (439).jpg,0
ce (44).jpg,0
ce (440).jpg,0
ce (441).jpg,0
ce (442).jpg,0
ce (443).jpg,0
ce (444).jpg,0
ce (445).jpg,0
ce (446).jpg,0
ce (447).jpg,0
ce (448).jpg,0
ce (449).jpg,0
ce (45).jpg,0
ce (450).jpg,0
ce (451).jpg,0
ce (452).jpg,0
ce (453).jpg,0
ce (454).jpg,0
ce (455).jpg,0
ce (456).jpg,0
ce (457).jpg,0
ce (458).jpg,0
ce (459).jpg,0
ce (46).jpg,0
ce (460).jpg,0
ce (461).jpg,0
ce (462).jpg,0
ce (463).jpg,0
ce (464).jpg,0
ce (465).jpg,0
ce (466).jpg,0
ce (467).jpg,0
ce (468).jpg,0
ce (469).jpg,0
ce (47).jpg,0
ce (470).jpg,0
ce (471).jpg,0
ce (472).jpg,0
ce (474).jpg,0
ce (475).jpg,0
ce (476).jpg,0
ce (477).jpg,0
ce (478).jpg,0
ce (479).jpg,0
ce (48).jpg,0
ce (480).jpg,0
ce (481).jpg,0
ce (482).jpg,0
ce (483).jpg,0
ce (484).jpg,0
ce (485).jpg,0
ce (486).jpg,0
ce (487).jpg,0
ce (488).jpg,0
ce (489).jpg,0
ce (49).jpg,0
ce (490).jpg,0
ce (491).jpg,0
ce (492).jpg,0
ce (493).jpg,0
ce (494).jpg,0
ce (495).jpg,0
ce (496).jpg,0
ce (497).jpg,0
ce (498).jpg,0
ce (499).jpg,0
ce (5).jpg,0
ce (50).jpg,0
ce (500).jpg,0
ce (501).jpg,0
ce (502).jpg,0
ce (503).jpg,0
ce (504).jpg,0
ce (505).jpg,0
ce (506).jpg,0
ce (507).jpg,0
ce (508).jpg,0
ce (509).jpg,0
ce (51).jpg,0
ce (510).jpg,0
ce (511).jpg,0
ce (512).jpg,0
ce (513).jpg,0
ce (514).jpg,0
ce (515).jpg,0
ce (516).jpg,0
ce (517).jpg,0
ce (518).jpg,0
ce (519).jpg,0
ce (52).jpg,0
ce (521).jpg,0
ce (522).jpg,0
ce (523).jpg,0
ce (524).jpg,0
ce (525).jpg,0
ce (526).jpg,0
ce (527).jpg,0
ce (528).jpg,0
ce (529).jpg,0
ce (53).jpg,0
ce (530).jpg,0
ce (531).jpg,0
ce (532).jpg,0
ce (533).jpg,0
ce (534).jpg,0
ce (535).jpg,0
ce (536).jpg,0
ce (537).jpg,0
ce (538).jpg,0
ce (539).jpg,0
ce (54).jpg,0
ce (540).jpg,0
ce (541).jpg,0
ce (542).jpg,0
ce (543).jpg,0
ce (544).jpg,0
ce (545).jpg,0
ce (546).jpg,0
ce (547).jpg,0
ce (548).jpg,0
ce (549).jpg,0
ce (55).jpg,0
ce (550).jpg,0
ce (551).jpg,0
ce (552).jpg,0
ce (553).jpg,0
ce (554).jpg,0
ce (555).jpg,0
ce (556).jpg,0
ce (557).jpg,0
ce (558).jpg,0
ce (559).jpg,0
ce (56).jpg,0
ce (560).jpg,0
ce (561).jpg,0
ce (562).jpg,0
ce (563).jpg,0
ce (564).jpg,0
ce (565).jpg,0
ce (566).jpg,0
ce (567).jpg,0
ce (568).jpg,0
ce (569).jpg,0
ce (57).jpg,0
ce (570).jpg,0
ce (571).jpg,0
ce (572).jpg,0
ce (573).jpg,0
ce (574).jpg,0
ce (575).jpg,0
ce (576).jpg,0
ce (577).jpg,0
ce (578).jpg,0
ce (579).jpg,0
ce (58).jpg,0
ce (580).jpg,0
ce (581).jpg,0
ce (582).jpg,0
ce (583).jpg,0
ce (584).jpg,0
ce (585).jpg,0
ce (586).jpg,0
ce (587).jpg,0
ce (588).jpg,0
ce (589).jpg,0
ce (59).jpg,0
ce (590).jpg,0
ce (591).jpg,0
ce (592).jpg,0
ce (593).jpg,0
ce (594).jpg,0
ce (595).jpg,0
ce (596).jpg,0
ce (597).jpg,0
ce (598).jpg,0
ce (599).jpg,0
ce (6).jpg,0
ce (60).jpg,0
ce (600).jpg,0
ce (601).jpg,0
ce (602).jpg,0
ce (603).jpg,0
ce (604).jpg,0
ce (605).jpg,0
ce (606).jpg,0
ce (607).jpg,0
ce (608).jpg,0
ce (609).jpg,0
ce (61).jpg,0
ce (610).jpg,0
ce (611).jpg,0
ce (612).jpg,0
ce (613).jpg,0
ce (614).jpg,0
ce (615).jpg,0
ce (616).jpg,0
ce (617).jpg,0
ce (618).jpg,0
ce (619).jpg,0
ce (620).jpg,0
ce (621).jpg,0
ce (622).jpg,0
ce (623).jpg,0
ce (624).jpg,0
ce (625).jpg,0
ce (626).jpg,0
ce (627).jpg,0
ce (628).jpg,0
ce (629).jpg,0
ce (63).jpg,0
ce (630).jpg,0
ce (631).jpg,0
ce (632).jpg,0
ce (633).jpg,0
ce (634).jpg,0
ce (635).jpg,0
ce (636).jpg,0
ce (637).jpg,0
ce (638).jpg,0
ce (639).jpg,0
ce (64).jpg,0
ce (640).jpg,0
ce (641).jpg,0
ce (642).jpg,0
ce (643).jpg,0
ce (644).jpg,0
ce (645).jpg,0
ce (646).jpg,0
ce (647).jpg,0
ce (648).jpg,0
ce (649).jpg,0
ce (65).jpg,0
ce (650).jpg,0
ce (651).jpg,0
ce (652).jpg,0
ce (653).jpg,0
ce (654).jpg,0
ce (655).jpg,0
ce (656).jpg,0
ce (657).jpg,0
ce (658).jpg,0
ce (659).jpg,0
ce (66).jpg,0
ce (660).jpg,0
ce (661).jpg,0
ce (662).jpg,0
ce (663).jpg,0
ce (664).jpg,0
ce (665).jpg,0
ce (666).jpg,0
ce (667).jpg,0
ce (668).jpg,0
ce (669).jpg,0
ce (67).jpg,0
ce (670).jpg,0
ce (671).jpg,0
ce (672).jpg,0
ce (673).jpg,0
ce (674).jpg,0
ce (675).jpg,0
ce (676).jpg,0
ce (677).jpg,0
ce (678).jpg,0
ce (679).jpg,0
ce (68).jpg,0
ce (680).jpg,0
ce (681).jpg,0
ce (682).jpg,0
ce (683).jpg,0
ce (684).jpg,0
ce (685).jpg,0
ce (686).jpg,0
ce (687).jpg,0
ce (688).jpg,0
ce (689).jpg,0
ce (69).jpg,0
ce (690).jpg,0
ce (691).jpg,0
ce (692).jpg,0
ce (693).jpg,0
ce (694).jpg,0
ce (695).jpg,0
ce (696).jpg,0
ce (697).jpg,0
ce (698).jpg,0
ce (699).jpg,0
ce (7).jpg,0
ce (70).jpg,0
ce (700).jpg,0
ce (701).jpg,0
ce (702).jpg,0
ce (703).jpg,0
ce (704).jpg,0
ce (705).jpg,0
ce (706).jpg,0
ce (707).jpg,0
ce (708).jpg,0
ce (709).jpg,0
ce (71).jpg,0
ce (710).jpg,0
ce (711).jpg,0
ce (712).jpg,0
ce (713).jpg,0
ce (714).jpg,0
ce (72).jpg,0
ce (73).jpg,0
ce (74).jpg,0
ce (75).jpg,0
ce (76).jpg,0
ce (77).jpg,0
ce (78).jpg,0
ce (79).jpg,0
ce (8).jpg,0
ce (80).jpg,0
ce (81).jpg,0
ce (82).jpg,0
ce (83).jpg,0
ce (84).jpg,0
ce (85).jpg,0
ce (86).jpg,0
ce (87).jpg,0
ce (88).jpg,0
ce (89).jpg,0
ce (9).jpg,0
ce (90).jpg,0
ce (91).jpg,0
ce (92).jpg,0
ce (93).jpg,0
ce (94).jpg,0
ce (95).jpg,0
ce (96).jpg,0
ce (97).jpg,0
ce (98).jpg,0
ce (99).jpg,0
